-- MySQL Script generated by MySQL Workbench
-- Tue Jun 20 16:34:51 2017
-- Model: New Model    Version: 1.0
-- MySQL Workbench Forward Engineering

SET @OLD_UNIQUE_CHECKS=@@UNIQUE_CHECKS, UNIQUE_CHECKS=0;
SET @OLD_FOREIGN_KEY_CHECKS=@@FOREIGN_KEY_CHECKS, FOREIGN_KEY_CHECKS=0;
SET @OLD_SQL_MODE=@@SQL_MODE, SQL_MODE='TRADITIONAL,ALLOW_INVALID_DATES';

-- -----------------------------------------------------
-- Schema encuestas_brm
-- -----------------------------------------------------

-- -----------------------------------------------------
-- Schema encuestas_brm
-- -----------------------------------------------------
CREATE SCHEMA IF NOT EXISTS `encuestas_brm` DEFAULT CHARACTER SET utf8 COLLATE utf8_general_ci ;
USE `encuestas_brm` ;

-- -----------------------------------------------------
-- Table `encuestas_brm`.`enc_categoria`
-- -----------------------------------------------------
CREATE TABLE IF NOT EXISTS `encuestas_brm`.`enc_categoria` (
  `id` INT NOT NULL AUTO_INCREMENT COMMENT '',
  `nombre` VARCHAR(150) NULL COMMENT '',
  `porcentaje` INT NULL COMMENT '',
  `fecha` DATETIME NULL COMMENT '',
  PRIMARY KEY (`id`)  COMMENT '')
ENGINE = InnoDB;


-- -----------------------------------------------------
-- Table `encuestas_brm`.`enc_pregunta`
-- -----------------------------------------------------
CREATE TABLE IF NOT EXISTS `encuestas_brm`.`enc_pregunta` (
  `id` INT NOT NULL AUTO_INCREMENT COMMENT '',
  `titulo` TEXT NULL COMMENT '',
  `fecha` DATETIME NULL COMMENT '',
  `idCategoria` INT NOT NULL COMMENT '',
  PRIMARY KEY (`id`)  COMMENT '',
  INDEX `fk_enc_pregunta_enc_categoria_idx` (`idCategoria` ASC)  COMMENT '',
  CONSTRAINT `fk_enc_pregunta_enc_categoria`
    FOREIGN KEY (`idCategoria`)
    REFERENCES `encuestas_brm`.`enc_categoria` (`id`)
    ON DELETE NO ACTION
    ON UPDATE NO ACTION)
ENGINE = InnoDB;


-- -----------------------------------------------------
-- Table `encuestas_brm`.`enc_cuenta`
-- -----------------------------------------------------
CREATE TABLE IF NOT EXISTS `encuestas_brm`.`enc_cuenta` (
  `id` INT NOT NULL AUTO_INCREMENT COMMENT '',
  `nombre` VARCHAR(45) NULL COMMENT '',
  `imagen` VARCHAR(45) NULL COMMENT '',
  `fecha` DATETIME NULL COMMENT '',
  PRIMARY KEY (`id`)  COMMENT '')
ENGINE = InnoDB;


-- -----------------------------------------------------
-- Table `encuestas_brm`.`enc_usuario`
-- -----------------------------------------------------
CREATE TABLE IF NOT EXISTS `encuestas_brm`.`enc_usuario` (
  `id` INT NOT NULL AUTO_INCREMENT COMMENT '',
  `nombre` VARCHAR(75) NULL COMMENT '',
  `apellido` VARCHAR(75) NULL COMMENT '',
  `correo` VARCHAR(75) NULL COMMENT '',
  `usuario` VARCHAR(25) NULL COMMENT '',
  `contrasena` VARCHAR(25) NULL COMMENT '',
  `fecha` DATETIME NULL COMMENT '',
  `idCuenta` INT NOT NULL COMMENT '',
  PRIMARY KEY (`id`)  COMMENT '',
  INDEX `fk_enc_usuario_enc_cuenta1_idx` (`idCuenta` ASC)  COMMENT '',
  CONSTRAINT `fk_enc_usuario_enc_cuenta1`
    FOREIGN KEY (`idCuenta`)
    REFERENCES `encuestas_brm`.`enc_cuenta` (`id`)
    ON DELETE NO ACTION
    ON UPDATE NO ACTION)
ENGINE = InnoDB;


-- -----------------------------------------------------
-- Table `encuestas_brm`.`enc_encuesta`
-- -----------------------------------------------------
CREATE TABLE IF NOT EXISTS `encuestas_brm`.`enc_encuesta` (
  `id` INT NOT NULL AUTO_INCREMENT COMMENT '',
  `fecha` DATETIME NULL COMMENT '',
  `idUsuario` INT NOT NULL COMMENT '',
  PRIMARY KEY (`id`)  COMMENT '',
  INDEX `fk_enc_encuesta_enc_usuario1_idx` (`idUsuario` ASC)  COMMENT '',
  CONSTRAINT `fk_enc_encuesta_enc_usuario1`
    FOREIGN KEY (`idUsuario`)
    REFERENCES `encuestas_brm`.`enc_usuario` (`id`)
    ON DELETE NO ACTION
    ON UPDATE NO ACTION)
ENGINE = InnoDB;


-- -----------------------------------------------------
-- Table `encuestas_brm`.`enc_pregunta_historial`
-- -----------------------------------------------------
CREATE TABLE IF NOT EXISTS `encuestas_brm`.`enc_pregunta_historial` (
  `id` INT NOT NULL AUTO_INCREMENT COMMENT '',
  `titulo` TEXT NULL COMMENT '',
  `fecha` DATETIME NULL COMMENT '',
  PRIMARY KEY (`id`)  COMMENT '')
ENGINE = InnoDB;


-- -----------------------------------------------------
-- Table `encuestas_brm`.`enc_categoria_historial`
-- -----------------------------------------------------
CREATE TABLE IF NOT EXISTS `encuestas_brm`.`enc_categoria_historial` (
  `id` INT NOT NULL AUTO_INCREMENT COMMENT '',
  `nombre` VARCHAR(150) NULL COMMENT '',
  `porcentaje` INT NULL COMMENT '',
  `fecha` DATETIME NULL COMMENT '',
  PRIMARY KEY (`id`)  COMMENT '')
ENGINE = InnoDB;


-- -----------------------------------------------------
-- Table `encuestas_brm`.`enc_respuesta`
-- -----------------------------------------------------
CREATE TABLE IF NOT EXISTS `encuestas_brm`.`enc_respuesta` (
  `id` INT NOT NULL AUTO_INCREMENT COMMENT '',
  `puntaje` INT NULL COMMENT '',
  `fecha` DATETIME NULL COMMENT '',
  `idEncuesta` INT NOT NULL COMMENT '',
  `idPreguntaHistorial` INT NOT NULL COMMENT '',
  `idCategoriaHistorial` INT NOT NULL COMMENT '',
  PRIMARY KEY (`id`)  COMMENT '',
  INDEX `fk_enc_respuesta_enc_encuesta1_idx` (`idEncuesta` ASC)  COMMENT '',
  INDEX `fk_enc_respuesta_enc_pregunta_historial1_idx` (`idPreguntaHistorial` ASC)  COMMENT '',
  INDEX `fk_enc_respuesta_enc_categoria_historial1_idx` (`idCategoriaHistorial` ASC)  COMMENT '',
  CONSTRAINT `fk_enc_respuesta_enc_encuesta1`
    FOREIGN KEY (`idEncuesta`)
    REFERENCES `encuestas_brm`.`enc_encuesta` (`id`)
    ON DELETE NO ACTION
    ON UPDATE NO ACTION,
  CONSTRAINT `fk_enc_respuesta_enc_pregunta_historial1`
    FOREIGN KEY (`idPreguntaHistorial`)
    REFERENCES `encuestas_brm`.`enc_pregunta_historial` (`id`)
    ON DELETE NO ACTION
    ON UPDATE NO ACTION,
  CONSTRAINT `fk_enc_respuesta_enc_categoria_historial1`
    FOREIGN KEY (`idCategoriaHistorial`)
    REFERENCES `encuestas_brm`.`enc_categoria_historial` (`id`)
    ON DELETE NO ACTION
    ON UPDATE NO ACTION)
ENGINE = InnoDB;


-- -----------------------------------------------------
-- Table `encuestas_brm`.`enc_cuenta_x_categoria`
-- -----------------------------------------------------
CREATE TABLE IF NOT EXISTS `encuestas_brm`.`enc_cuenta_x_categoria` (
  `id` INT NOT NULL AUTO_INCREMENT COMMENT '',
  `fecha` DATETIME NULL COMMENT '',
  `idCategoria` INT NOT NULL COMMENT '',
  `idCuenta` INT NOT NULL COMMENT '',
  PRIMARY KEY (`id`)  COMMENT '',
  INDEX `fk_enc_cuenta_x_categoria_enc_categoria1_idx` (`idCategoria` ASC)  COMMENT '',
  INDEX `fk_enc_cuenta_x_categoria_enc_cuenta1_idx` (`idCuenta` ASC)  COMMENT '',
  CONSTRAINT `fk_enc_cuenta_x_categoria_enc_categoria1`
    FOREIGN KEY (`idCategoria`)
    REFERENCES `encuestas_brm`.`enc_categoria` (`id`)
    ON DELETE NO ACTION
    ON UPDATE NO ACTION,
  CONSTRAINT `fk_enc_cuenta_x_categoria_enc_cuenta1`
    FOREIGN KEY (`idCuenta`)
    REFERENCES `encuestas_brm`.`enc_cuenta` (`id`)
    ON DELETE NO ACTION
    ON UPDATE NO ACTION)
ENGINE = InnoDB;


SET SQL_MODE=@OLD_SQL_MODE;
SET FOREIGN_KEY_CHECKS=@OLD_FOREIGN_KEY_CHECKS;
SET UNIQUE_CHECKS=@OLD_UNIQUE_CHECKS;

-- -----------------------------------------------------
-- Data for table `encuestas_brm`.`enc_categoria`
-- -----------------------------------------------------
START TRANSACTION;
USE `encuestas_brm`;
INSERT INTO `encuestas_brm`.`enc_categoria` (`id`, `nombre`, `porcentaje`, `fecha`) VALUES (1, 'Desarrollo', 10, '2016-05-05 10:49:00');
INSERT INTO `encuestas_brm`.`enc_categoria` (`id`, `nombre`, `porcentaje`, `fecha`) VALUES (2, 'Cuentas', 20, '2016-05-05 10:49:00');

COMMIT;


-- -----------------------------------------------------
-- Data for table `encuestas_brm`.`enc_pregunta`
-- -----------------------------------------------------
START TRANSACTION;
USE `encuestas_brm`;
INSERT INTO `encuestas_brm`.`enc_pregunta` (`id`, `titulo`, `fecha`, `idCategoria`) VALUES (1, 'Eficiencia en la entrega', '2016-05-05 10:49:00', 1);
INSERT INTO `encuestas_brm`.`enc_pregunta` (`id`, `titulo`, `fecha`, `idCategoria`) VALUES (2, 'Uso de tecnología', '2016-05-05 10:49:00', 1);
INSERT INTO `encuestas_brm`.`enc_pregunta` (`id`, `titulo`, `fecha`, `idCategoria`) VALUES (3, 'Infraestructura', '2016-05-05 10:49:00', 1);
INSERT INTO `encuestas_brm`.`enc_pregunta` (`id`, `titulo`, `fecha`, `idCategoria`) VALUES (4, 'Manejo de cuentas', '2016-05-05 10:49:00', 2);
INSERT INTO `encuestas_brm`.`enc_pregunta` (`id`, `titulo`, `fecha`, `idCategoria`) VALUES (5, 'Comunicación con el cliente', '2016-05-05 10:49:00', 2);
INSERT INTO `encuestas_brm`.`enc_pregunta` (`id`, `titulo`, `fecha`, `idCategoria`) VALUES (6, 'Control con la cuenta', '2016-05-05 10:49:00', 2);

COMMIT;


-- -----------------------------------------------------
-- Data for table `encuestas_brm`.`enc_cuenta`
-- -----------------------------------------------------
START TRANSACTION;
USE `encuestas_brm`;
INSERT INTO `encuestas_brm`.`enc_cuenta` (`id`, `nombre`, `imagen`, `fecha`) VALUES (1, 'Citi', NULL, '2016-05-05 10:49:00');
INSERT INTO `encuestas_brm`.`enc_cuenta` (`id`, `nombre`, `imagen`, `fecha`) VALUES (2, 'Unilever', NULL, '2016-05-05 10:49:00');

COMMIT;


-- -----------------------------------------------------
-- Data for table `encuestas_brm`.`enc_usuario`
-- -----------------------------------------------------
START TRANSACTION;
USE `encuestas_brm`;
INSERT INTO `encuestas_brm`.`enc_usuario` (`id`, `nombre`, `apellido`, `correo`, `usuario`, `contrasena`, `fecha`, `idCuenta`) VALUES (1, 'Julian', 'Barrera', 'julian.barrera@brm.com.co', 'julian.barrera', '123456', '2016-05-05 10:49:00', 1);
INSERT INTO `encuestas_brm`.`enc_usuario` (`id`, `nombre`, `apellido`, `correo`, `usuario`, `contrasena`, `fecha`, `idCuenta`) VALUES (2, 'Pepito', 'Perez', 'pepito.perez@gmail.com', 'pepito.perez', '123456789', '2016-05-05 10:49:00', 1);
INSERT INTO `encuestas_brm`.`enc_usuario` (`id`, `nombre`, `apellido`, `correo`, `usuario`, `contrasena`, `fecha`, `idCuenta`) VALUES (3, 'Maria', 'Perez', 'maria.perez@gmail.com', 'maria.perez', '123456', '2016-05-05 10:49:00', 2);

COMMIT;


-- -----------------------------------------------------
-- Data for table `encuestas_brm`.`enc_encuesta`
-- -----------------------------------------------------
START TRANSACTION;
USE `encuestas_brm`;
INSERT INTO `encuestas_brm`.`enc_encuesta` (`id`, `fecha`, `idUsuario`) VALUES (1, '2016-05-05 10:49:00', 1);
INSERT INTO `encuestas_brm`.`enc_encuesta` (`id`, `fecha`, `idUsuario`) VALUES (2, '2016-05-05 10:49:00', 2);
INSERT INTO `encuestas_brm`.`enc_encuesta` (`id`, `fecha`, `idUsuario`) VALUES (3, '2016-05-05 10:49:00', 3);

COMMIT;


-- -----------------------------------------------------
-- Data for table `encuestas_brm`.`enc_pregunta_historial`
-- -----------------------------------------------------
START TRANSACTION;
USE `encuestas_brm`;
INSERT INTO `encuestas_brm`.`enc_pregunta_historial` (`id`, `titulo`, `fecha`) VALUES (1, 'Eficiencia en la entrega', '2016-05-05 10:49:00');
INSERT INTO `encuestas_brm`.`enc_pregunta_historial` (`id`, `titulo`, `fecha`) VALUES (2, 'Uso de tecnología', '2016-05-05 10:49:00');
INSERT INTO `encuestas_brm`.`enc_pregunta_historial` (`id`, `titulo`, `fecha`) VALUES (3, 'Infraestructura', '2016-05-05 10:49:00');
INSERT INTO `encuestas_brm`.`enc_pregunta_historial` (`id`, `titulo`, `fecha`) VALUES (4, 'Manejo de cuentas', '2016-05-05 10:49:00');
INSERT INTO `encuestas_brm`.`enc_pregunta_historial` (`id`, `titulo`, `fecha`) VALUES (5, 'Comunicación con el cliente', '2016-05-05 10:49:00');
INSERT INTO `encuestas_brm`.`enc_pregunta_historial` (`id`, `titulo`, `fecha`) VALUES (6, 'Control con la cuenta', '2016-05-05 10:49:00');

COMMIT;


-- -----------------------------------------------------
-- Data for table `encuestas_brm`.`enc_categoria_historial`
-- -----------------------------------------------------
START TRANSACTION;
USE `encuestas_brm`;
INSERT INTO `encuestas_brm`.`enc_categoria_historial` (`id`, `nombre`, `porcentaje`, `fecha`) VALUES (1, 'Desarrollo', 10, '2016-05-05 10:49:00');
INSERT INTO `encuestas_brm`.`enc_categoria_historial` (`id`, `nombre`, `porcentaje`, `fecha`) VALUES (2, 'Cuentas', 20, '2016-05-05 10:49:00');

COMMIT;


-- -----------------------------------------------------
-- Data for table `encuestas_brm`.`enc_respuesta`
-- -----------------------------------------------------
START TRANSACTION;
USE `encuestas_brm`;
INSERT INTO `encuestas_brm`.`enc_respuesta` (`id`, `puntaje`, `fecha`, `idEncuesta`, `idPreguntaHistorial`, `idCategoriaHistorial`) VALUES (1, 3, '2016-05-05 10:49:00', 1, 1, 1);
INSERT INTO `encuestas_brm`.`enc_respuesta` (`id`, `puntaje`, `fecha`, `idEncuesta`, `idPreguntaHistorial`, `idCategoriaHistorial`) VALUES (2, 4, '2016-05-05 10:49:00', 1, 2, 1);
INSERT INTO `encuestas_brm`.`enc_respuesta` (`id`, `puntaje`, `fecha`, `idEncuesta`, `idPreguntaHistorial`, `idCategoriaHistorial`) VALUES (3, 4, '2016-05-05 10:49:00', 1, 1, 2);
INSERT INTO `encuestas_brm`.`enc_respuesta` (`id`, `puntaje`, `fecha`, `idEncuesta`, `idPreguntaHistorial`, `idCategoriaHistorial`) VALUES (4, 4, '2016-05-05 10:49:00', 1, 2, 2);
INSERT INTO `encuestas_brm`.`enc_respuesta` (`id`, `puntaje`, `fecha`, `idEncuesta`, `idPreguntaHistorial`, `idCategoriaHistorial`) VALUES (5, 5, '2016-05-05 10:49:00', 1, 3, 2);

COMMIT;


-- -----------------------------------------------------
-- Data for table `encuestas_brm`.`enc_cuenta_x_categoria`
-- -----------------------------------------------------
START TRANSACTION;
USE `encuestas_brm`;
INSERT INTO `encuestas_brm`.`enc_cuenta_x_categoria` (`id`, `fecha`, `idCategoria`, `idCuenta`) VALUES (1, '2016-05-05 10:49:00', 1, 1);
INSERT INTO `encuestas_brm`.`enc_cuenta_x_categoria` (`id`, `fecha`, `idCategoria`, `idCuenta`) VALUES (2, '2016-05-05 10:49:00', 2, 1);
INSERT INTO `encuestas_brm`.`enc_cuenta_x_categoria` (`id`, `fecha`, `idCategoria`, `idCuenta`) VALUES (3, '2016-05-05 10:49:00', 1, 2);
INSERT INTO `encuestas_brm`.`enc_cuenta_x_categoria` (`id`, `fecha`, `idCategoria`, `idCuenta`) VALUES (4, '2016-05-05 10:49:00', 2, 2);

COMMIT;

