-- MySQL Script generated by MySQL Workbench
-- Fri Nov  3 00:51:04 2017
-- Model: New Model    Version: 1.0
-- MySQL Workbench Forward Engineering

SET @OLD_UNIQUE_CHECKS=@@UNIQUE_CHECKS, UNIQUE_CHECKS=0;
SET @OLD_FOREIGN_KEY_CHECKS=@@FOREIGN_KEY_CHECKS, FOREIGN_KEY_CHECKS=0;
SET @OLD_SQL_MODE=@@SQL_MODE, SQL_MODE='TRADITIONAL,ALLOW_INVALID_DATES';

-- -----------------------------------------------------
-- Schema brm2_3ncu3db
-- -----------------------------------------------------

-- -----------------------------------------------------
-- Schema brm2_3ncu3db
-- -----------------------------------------------------
CREATE SCHEMA IF NOT EXISTS `brm2_3ncu3db` DEFAULT CHARACTER SET utf8 ;
USE `brm2_3ncu3db` ;

-- -----------------------------------------------------
-- Table `brm2_3ncu3db`.`enc_categoria_historial`
-- -----------------------------------------------------
CREATE TABLE IF NOT EXISTS `brm2_3ncu3db`.`enc_categoria_historial` (
  `id` INT NOT NULL AUTO_INCREMENT,
  `nombre` VARCHAR(150) NULL,
  `porcentaje` INT NULL,
  `fecha` DATETIME NULL,
  PRIMARY KEY (`id`))
ENGINE = InnoDB;


-- -----------------------------------------------------
-- Table `brm2_3ncu3db`.`enc_categoria`
-- -----------------------------------------------------
CREATE TABLE IF NOT EXISTS `brm2_3ncu3db`.`enc_categoria` (
  `id` INT NOT NULL AUTO_INCREMENT,
  `nombre` VARCHAR(150) NULL,
  `porcentaje` INT NULL,
  `fecha` DATETIME NULL,
  `idCategoriaHistorial` INT NOT NULL,
  PRIMARY KEY (`id`),
  INDEX `fk_enc_categoria_enc_categoria_historial1_idx` (`idCategoriaHistorial` ASC),
  CONSTRAINT `fk_enc_categoria_enc_categoria_historial1`
    FOREIGN KEY (`idCategoriaHistorial`)
    REFERENCES `brm2_3ncu3db`.`enc_categoria_historial` (`id`)
    ON DELETE NO ACTION
    ON UPDATE NO ACTION)
ENGINE = InnoDB;


-- -----------------------------------------------------
-- Table `brm2_3ncu3db`.`enc_pregunta_historial`
-- -----------------------------------------------------
CREATE TABLE IF NOT EXISTS `brm2_3ncu3db`.`enc_pregunta_historial` (
  `id` INT NOT NULL AUTO_INCREMENT,
  `titulo` TEXT NULL,
  `fecha` DATETIME NULL,
  PRIMARY KEY (`id`))
ENGINE = InnoDB;


-- -----------------------------------------------------
-- Table `brm2_3ncu3db`.`enc_admin`
-- -----------------------------------------------------
CREATE TABLE IF NOT EXISTS `brm2_3ncu3db`.`enc_admin` (
  `id` INT NOT NULL AUTO_INCREMENT,
  `nombre` VARCHAR(45) NULL,
  `apellido` VARCHAR(45) NULL,
  `correo` VARCHAR(75) NULL,
  `contrasena` VARCHAR(45) NULL,
  `fecha` DATETIME NULL,
  PRIMARY KEY (`id`),
  UNIQUE INDEX `CORREOUNIQUE` (`correo` ASC))
ENGINE = InnoDB;


-- -----------------------------------------------------
-- Table `brm2_3ncu3db`.`enc_pregunta`
-- -----------------------------------------------------
CREATE TABLE IF NOT EXISTS `brm2_3ncu3db`.`enc_pregunta` (
  `id` INT NOT NULL AUTO_INCREMENT,
  `titulo` TEXT NULL,
  `fecha` DATETIME NULL,
  `idCategoria` INT NOT NULL,
  `idPreguntaHistorial` INT NOT NULL,
  `idAdmin` INT NOT NULL,
  PRIMARY KEY (`id`),
  INDEX `fk_enc_pregunta_enc_categoria_idx` (`idCategoria` ASC),
  INDEX `fk_enc_pregunta_enc_pregunta_historial1_idx` (`idPreguntaHistorial` ASC),
  INDEX `fk_enc_pregunta_enc_admin1_idx` (`idAdmin` ASC),
  CONSTRAINT `fk_enc_pregunta_enc_categoria`
    FOREIGN KEY (`idCategoria`)
    REFERENCES `brm2_3ncu3db`.`enc_categoria` (`id`)
    ON DELETE NO ACTION
    ON UPDATE NO ACTION,
  CONSTRAINT `fk_enc_pregunta_enc_pregunta_historial1`
    FOREIGN KEY (`idPreguntaHistorial`)
    REFERENCES `brm2_3ncu3db`.`enc_pregunta_historial` (`id`)
    ON DELETE NO ACTION
    ON UPDATE NO ACTION,
  CONSTRAINT `fk_enc_pregunta_enc_admin1`
    FOREIGN KEY (`idAdmin`)
    REFERENCES `brm2_3ncu3db`.`enc_admin` (`id`)
    ON DELETE NO ACTION
    ON UPDATE NO ACTION)
ENGINE = InnoDB;


-- -----------------------------------------------------
-- Table `brm2_3ncu3db`.`enc_cuenta`
-- -----------------------------------------------------
CREATE TABLE IF NOT EXISTS `brm2_3ncu3db`.`enc_cuenta` (
  `id` INT NOT NULL AUTO_INCREMENT,
  `nombre` VARCHAR(45) NULL,
  `imagen` VARCHAR(45) NULL,
  `color` VARCHAR(45) NULL,
  `fecha` DATETIME NULL,
  `idAdmin` INT NOT NULL,
  PRIMARY KEY (`id`),
  INDEX `fk_enc_cuenta_enc_admin1_idx` (`idAdmin` ASC),
  CONSTRAINT `fk_enc_cuenta_enc_admin1`
    FOREIGN KEY (`idAdmin`)
    REFERENCES `brm2_3ncu3db`.`enc_admin` (`id`)
    ON DELETE NO ACTION
    ON UPDATE NO ACTION)
ENGINE = InnoDB;


-- -----------------------------------------------------
-- Table `brm2_3ncu3db`.`enc_usuario`
-- -----------------------------------------------------
CREATE TABLE IF NOT EXISTS `brm2_3ncu3db`.`enc_usuario` (
  `id` INT NOT NULL AUTO_INCREMENT,
  `nombre` VARCHAR(45) NULL,
  `apellido` VARCHAR(45) NULL,
  `correo` VARCHAR(75) NULL,
  `usuario` VARCHAR(25) NULL,
  `contrasena` VARCHAR(45) NULL,
  `fecha` DATETIME NULL,
  `idCuenta` INT NOT NULL,
  `idAdmin` INT NOT NULL,
  PRIMARY KEY (`id`),
  INDEX `fk_enc_usuario_enc_cuenta1_idx` (`idCuenta` ASC),
  UNIQUE INDEX `fk_enc_usuario_enc_correo_idx` (`correo` ASC),
  INDEX `fk_enc_usuario_enc_admin1_idx` (`idAdmin` ASC),
  CONSTRAINT `fk_enc_usuario_enc_cuenta1`
    FOREIGN KEY (`idCuenta`)
    REFERENCES `brm2_3ncu3db`.`enc_cuenta` (`id`)
    ON DELETE NO ACTION
    ON UPDATE NO ACTION,
  CONSTRAINT `fk_enc_usuario_enc_admin1`
    FOREIGN KEY (`idAdmin`)
    REFERENCES `brm2_3ncu3db`.`enc_admin` (`id`)
    ON DELETE NO ACTION
    ON UPDATE NO ACTION)
ENGINE = InnoDB;


-- -----------------------------------------------------
-- Table `brm2_3ncu3db`.`enc_encuesta`
-- -----------------------------------------------------
CREATE TABLE IF NOT EXISTS `brm2_3ncu3db`.`enc_encuesta` (
  `id` INT NOT NULL AUTO_INCREMENT,
  `fecha` DATETIME NULL,
  `idUsuario` INT NOT NULL,
  PRIMARY KEY (`id`),
  INDEX `fk_enc_encuesta_enc_usuario1_idx` (`idUsuario` ASC),
  CONSTRAINT `fk_enc_encuesta_enc_usuario1`
    FOREIGN KEY (`idUsuario`)
    REFERENCES `brm2_3ncu3db`.`enc_usuario` (`id`)
    ON DELETE NO ACTION
    ON UPDATE NO ACTION)
ENGINE = InnoDB;


-- -----------------------------------------------------
-- Table `brm2_3ncu3db`.`enc_respuesta`
-- -----------------------------------------------------
CREATE TABLE IF NOT EXISTS `brm2_3ncu3db`.`enc_respuesta` (
  `id` INT NOT NULL AUTO_INCREMENT,
  `puntaje` INT NULL,
  `fecha` DATETIME NULL,
  `idEncuesta` INT NOT NULL,
  `idPreguntaHistorial` INT NOT NULL,
  `idCategoriaHistorial` INT NOT NULL,
  PRIMARY KEY (`id`),
  INDEX `fk_enc_respuesta_enc_encuesta1_idx` (`idEncuesta` ASC),
  INDEX `fk_enc_respuesta_enc_pregunta_historial1_idx` (`idPreguntaHistorial` ASC),
  INDEX `fk_enc_respuesta_enc_categoria_historial1_idx` (`idCategoriaHistorial` ASC),
  CONSTRAINT `fk_enc_respuesta_enc_encuesta1`
    FOREIGN KEY (`idEncuesta`)
    REFERENCES `brm2_3ncu3db`.`enc_encuesta` (`id`)
    ON DELETE NO ACTION
    ON UPDATE NO ACTION,
  CONSTRAINT `fk_enc_respuesta_enc_pregunta_historial1`
    FOREIGN KEY (`idPreguntaHistorial`)
    REFERENCES `brm2_3ncu3db`.`enc_pregunta_historial` (`id`)
    ON DELETE NO ACTION
    ON UPDATE NO ACTION,
  CONSTRAINT `fk_enc_respuesta_enc_categoria_historial1`
    FOREIGN KEY (`idCategoriaHistorial`)
    REFERENCES `brm2_3ncu3db`.`enc_categoria_historial` (`id`)
    ON DELETE NO ACTION
    ON UPDATE NO ACTION)
ENGINE = InnoDB;


-- -----------------------------------------------------
-- Table `brm2_3ncu3db`.`enc_cuenta_x_categoria`
-- -----------------------------------------------------
CREATE TABLE IF NOT EXISTS `brm2_3ncu3db`.`enc_cuenta_x_categoria` (
  `id` INT NOT NULL AUTO_INCREMENT,
  `fecha` DATETIME NULL,
  `idCategoria` INT NOT NULL,
  `idCuenta` INT NOT NULL,
  PRIMARY KEY (`id`),
  INDEX `fk_enc_cuenta_x_categoria_enc_categoria1_idx` (`idCategoria` ASC),
  INDEX `fk_enc_cuenta_x_categoria_enc_cuenta1_idx` (`idCuenta` ASC),
  CONSTRAINT `fk_enc_cuenta_x_categoria_enc_categoria1`
    FOREIGN KEY (`idCategoria`)
    REFERENCES `brm2_3ncu3db`.`enc_categoria` (`id`)
    ON DELETE NO ACTION
    ON UPDATE NO ACTION,
  CONSTRAINT `fk_enc_cuenta_x_categoria_enc_cuenta1`
    FOREIGN KEY (`idCuenta`)
    REFERENCES `brm2_3ncu3db`.`enc_cuenta` (`id`)
    ON DELETE NO ACTION
    ON UPDATE NO ACTION)
ENGINE = InnoDB;


-- -----------------------------------------------------
-- Table `brm2_3ncu3db`.`enc_categoria_respuesta`
-- -----------------------------------------------------
CREATE TABLE IF NOT EXISTS `brm2_3ncu3db`.`enc_categoria_respuesta` (
  `id` INT NOT NULL AUTO_INCREMENT,
  `idEncuesta` INT NOT NULL,
  `idCategoriaHistorial` INT NOT NULL,
  `comentario` TEXT NULL,
  `fecha` DATETIME NULL,
  PRIMARY KEY (`id`),
  INDEX `fk_enc_categoria_respuesta_enc_encuesta1_idx` (`idEncuesta` ASC),
  INDEX `fk_enc_categoria_respuesta_enc_categoria_historial1_idx` (`idCategoriaHistorial` ASC),
  CONSTRAINT `fk_enc_categoria_respuesta_enc_encuesta1`
    FOREIGN KEY (`idEncuesta`)
    REFERENCES `brm2_3ncu3db`.`enc_encuesta` (`id`)
    ON DELETE NO ACTION
    ON UPDATE NO ACTION,
  CONSTRAINT `fk_enc_categoria_respuesta_enc_categoria_historial1`
    FOREIGN KEY (`idCategoriaHistorial`)
    REFERENCES `brm2_3ncu3db`.`enc_categoria_historial` (`id`)
    ON DELETE NO ACTION
    ON UPDATE NO ACTION)
ENGINE = InnoDB;


SET SQL_MODE=@OLD_SQL_MODE;
SET FOREIGN_KEY_CHECKS=@OLD_FOREIGN_KEY_CHECKS;
SET UNIQUE_CHECKS=@OLD_UNIQUE_CHECKS;

-- -----------------------------------------------------
-- Data for table `brm2_3ncu3db`.`enc_categoria_historial`
-- -----------------------------------------------------
START TRANSACTION;
USE `brm2_3ncu3db`;
INSERT INTO `brm2_3ncu3db`.`enc_categoria_historial` (`id`, `nombre`, `porcentaje`, `fecha`) VALUES (1, 'INVESTIGACIÓN Y ANÁLISIS', 10, '2016-05-05 10:49:00');
INSERT INTO `brm2_3ncu3db`.`enc_categoria_historial` (`id`, `nombre`, `porcentaje`, `fecha`) VALUES (2, 'MANEJO DE CUENTAS', 20, '2016-05-05 10:49:00');
INSERT INTO `brm2_3ncu3db`.`enc_categoria_historial` (`id`, `nombre`, `porcentaje`, `fecha`) VALUES (3, 'PLANEACIÓN Y ESTRATEGIA', 10, '2016-05-05 10:49:00');
INSERT INTO `brm2_3ncu3db`.`enc_categoria_historial` (`id`, `nombre`, `porcentaje`, `fecha`) VALUES (4, 'DATA PROCESSING', 10, '2016-05-05 10:49:00');
INSERT INTO `brm2_3ncu3db`.`enc_categoria_historial` (`id`, `nombre`, `porcentaje`, `fecha`) VALUES (5, 'CREATIVIDAD', 10, '2016-05-05 10:49:00');
INSERT INTO `brm2_3ncu3db`.`enc_categoria_historial` (`id`, `nombre`, `porcentaje`, `fecha`) VALUES (6, 'EQUIPO / RELACIÓN CLIENTE', 10, '2016-05-05 10:49:00');
INSERT INTO `brm2_3ncu3db`.`enc_categoria_historial` (`id`, `nombre`, `porcentaje`, `fecha`) VALUES (7, 'MANEJO FINANCIERO', 10, '2016-05-05 10:49:00');
INSERT INTO `brm2_3ncu3db`.`enc_categoria_historial` (`id`, `nombre`, `porcentaje`, `fecha`) VALUES (8, 'PRODUCCIÓN / COMPRAS', 10, '2016-05-05 10:49:00');
INSERT INTO `brm2_3ncu3db`.`enc_categoria_historial` (`id`, `nombre`, `porcentaje`, `fecha`) VALUES (9, 'TECNOLOGÍA / INNOVACIÓN', 10, '2016-05-05 10:49:00');

COMMIT;


-- -----------------------------------------------------
-- Data for table `brm2_3ncu3db`.`enc_categoria`
-- -----------------------------------------------------
START TRANSACTION;
USE `brm2_3ncu3db`;
INSERT INTO `brm2_3ncu3db`.`enc_categoria` (`id`, `nombre`, `porcentaje`, `fecha`, `idCategoriaHistorial`) VALUES (1, 'INVESTIGACIÓN Y ANÁLISIS', 10, '2016-05-05 10:49:00', 1);
INSERT INTO `brm2_3ncu3db`.`enc_categoria` (`id`, `nombre`, `porcentaje`, `fecha`, `idCategoriaHistorial`) VALUES (2, 'MANEJO DE CUENTAS', 20, '2016-05-05 10:49:00', 2);
INSERT INTO `brm2_3ncu3db`.`enc_categoria` (`id`, `nombre`, `porcentaje`, `fecha`, `idCategoriaHistorial`) VALUES (3, 'PLANEACIÓN Y ESTRATEGIA', 10, '2016-05-05 10:49:00', 3);
INSERT INTO `brm2_3ncu3db`.`enc_categoria` (`id`, `nombre`, `porcentaje`, `fecha`, `idCategoriaHistorial`) VALUES (4, 'DATA PROCESSING', 10, '2016-05-05 10:49:00', 4);
INSERT INTO `brm2_3ncu3db`.`enc_categoria` (`id`, `nombre`, `porcentaje`, `fecha`, `idCategoriaHistorial`) VALUES (5, 'CREATIVIDAD', 10, '2016-05-05 10:49:00', 5);
INSERT INTO `brm2_3ncu3db`.`enc_categoria` (`id`, `nombre`, `porcentaje`, `fecha`, `idCategoriaHistorial`) VALUES (6, 'EQUIPO / RELACIÓN CLIENTE', 10, '2016-05-05 10:49:00', 6);
INSERT INTO `brm2_3ncu3db`.`enc_categoria` (`id`, `nombre`, `porcentaje`, `fecha`, `idCategoriaHistorial`) VALUES (7, 'MANEJO FINANCIERO', 10, '2016-05-05 10:49:00', 7);
INSERT INTO `brm2_3ncu3db`.`enc_categoria` (`id`, `nombre`, `porcentaje`, `fecha`, `idCategoriaHistorial`) VALUES (8, 'PRODUCCIÓN / COMPRAS', 10, '2016-05-05 10:49:00', 8);
INSERT INTO `brm2_3ncu3db`.`enc_categoria` (`id`, `nombre`, `porcentaje`, `fecha`, `idCategoriaHistorial`) VALUES (9, 'TECNOLOGÍA / INNOVACIÓN', 10, '2016-05-05 10:49:00', 9);

COMMIT;


-- -----------------------------------------------------
-- Data for table `brm2_3ncu3db`.`enc_pregunta_historial`
-- -----------------------------------------------------
START TRANSACTION;
USE `brm2_3ncu3db`;
INSERT INTO `brm2_3ncu3db`.`enc_pregunta_historial` (`id`, `titulo`, `fecha`) VALUES (1, 'Se generan estudios de competencia que permiten tomar acciones correctivas en su estrategia, basadas en las acciones de sus adversarios comerciales', '2016-05-05 10:49:00');
INSERT INTO `brm2_3ncu3db`.`enc_pregunta_historial` (`id`, `titulo`, `fecha`) VALUES (2, 'Los reportes presentados son oportunos en el tiempo, relevantes en sus hallazgos y fáciles de entender para ejecutar acciones a partir de ellos.', '2016-05-05 10:49:00');
INSERT INTO `brm2_3ncu3db`.`enc_pregunta_historial` (`id`, `titulo`, `fecha`) VALUES (3, 'Las investigaciones presentadas están acompañadas por un plan de acción viable', '2016-05-05 10:49:00');
INSERT INTO `brm2_3ncu3db`.`enc_pregunta_historial` (`id`, `titulo`, `fecha`) VALUES (4, 'Analiza e interpreta los datos para identificar las oportunidades de la marca, teniendo en cuenta el escenario digital vs las oportunidades de su negocio en el mundo físico.', '2016-05-05 10:49:00');
INSERT INTO `brm2_3ncu3db`.`enc_pregunta_historial` (`id`, `titulo`, `fecha`) VALUES (5, 'Hay una comunicación clara y fluida de objetivos y alcance de cada proyecto.', '2016-05-05 10:49:00');
INSERT INTO `brm2_3ncu3db`.`enc_pregunta_historial` (`id`, `titulo`, `fecha`) VALUES (6, 'La administración de la cuenta y las propuestas están alineadas con las reuniones y actas generadas en las mismas. ', '2016-05-05 10:49:00');
INSERT INTO `brm2_3ncu3db`.`enc_pregunta_historial` (`id`, `titulo`, `fecha`) VALUES (7, 'Las acciones y propuestas son coherentes con las necesidades, propósitos y objetivos de la marca', '2016-05-05 10:49:00');
INSERT INTO `brm2_3ncu3db`.`enc_pregunta_historial` (`id`, `titulo`, `fecha`) VALUES (8, 'La relación entre su  equipo de Mercadeo / Publicidad y la agencia es cercana, flexible y se ajusta de acuerdo con sus expectativas.', '2016-05-05 10:49:00');
INSERT INTO `brm2_3ncu3db`.`enc_pregunta_historial` (`id`, `titulo`, `fecha`) VALUES (9, 'Las cifras presentadas son claras, coherentes y nunca aisladas de un análisis útil para la estrategia', '2016-05-05 10:49:00');
INSERT INTO `brm2_3ncu3db`.`enc_pregunta_historial` (`id`, `titulo`, `fecha`) VALUES (10, 'Demuestra conocimiento de la marca a través de análisis enmarcados dentro del contexto económico, entendiendo los factores que influyen directos o indirectos en su negocio, proyectando  consecuencias en el tiempo', '2016-05-05 10:49:00');
INSERT INTO `brm2_3ncu3db`.`enc_pregunta_historial` (`id`, `titulo`, `fecha`) VALUES (11, 'Los análisis arrojan conclusiones fácilmente aplicables en planes de acción en sincronía con la unidad de mercadeo', '2016-05-05 10:49:00');
INSERT INTO `brm2_3ncu3db`.`enc_pregunta_historial` (`id`, `titulo`, `fecha`) VALUES (12, 'Evalúa continuamente las necesidades de información del cliente y los procedimientos de entrada de datos para garantizar la seguridad  de la Base de Datos.', '2016-05-05 10:49:00');
INSERT INTO `brm2_3ncu3db`.`enc_pregunta_historial` (`id`, `titulo`, `fecha`) VALUES (13, 'El procesamiento de datos es de buena calidad: oportunidad en el tiempo, eficaz en el dato capturado y entregado a tiempo.', '2016-05-05 10:49:00');
INSERT INTO `brm2_3ncu3db`.`enc_pregunta_historial` (`id`, `titulo`, `fecha`) VALUES (14, 'Utilizan herramientas, plataformas y procesos actualizados que permiten administrar fácilmente la información capturada', '2016-05-05 10:49:00');
INSERT INTO `brm2_3ncu3db`.`enc_pregunta_historial` (`id`, `titulo`, `fecha`) VALUES (15, 'Los conceptos y planteamientos creativos  son claros, contundentes y sorprendentes. Añade valor a través del pensamiento \"outside the box”.', '2016-05-05 10:49:00');
INSERT INTO `brm2_3ncu3db`.`enc_pregunta_historial` (`id`, `titulo`, `fecha`) VALUES (16, 'El equipo creativo es pro-positivo y alineado con  la cuenta ', '2016-05-05 10:49:00');
INSERT INTO `brm2_3ncu3db`.`enc_pregunta_historial` (`id`, `titulo`, `fecha`) VALUES (17, 'Entendiendo el trabajo creativo como un item subjetivo, usted se siente satisfecho con las propuestas', '2016-05-05 10:49:00');
INSERT INTO `brm2_3ncu3db`.`enc_pregunta_historial` (`id`, `titulo`, `fecha`) VALUES (18, 'El equipo presenta actitud de servicio y a través de su trabajo se ha logrado identificar con la marca, generando sentido de pertenencia y prácticas de responsabilidad compartida con la misma', '2016-05-05 10:49:00');
INSERT INTO `brm2_3ncu3db`.`enc_pregunta_historial` (`id`, `titulo`, `fecha`) VALUES (19, 'Encuentra respuesta por parte de cualquier integrante del equipo en el momento que se requiera, de manera abierta y eficiente', '2016-05-05 10:49:00');
INSERT INTO `brm2_3ncu3db`.`enc_pregunta_historial` (`id`, `titulo`, `fecha`) VALUES (20, 'El equipo opera de manera autónoma, con procesos claros de ejecución permitiendo ver un flujo de trabajo estructurado y coordinado con la cuenta', '2016-05-05 10:49:00');
INSERT INTO `brm2_3ncu3db`.`enc_pregunta_historial` (`id`, `titulo`, `fecha`) VALUES (21, 'El equipo está en capacidad (entrenado, experiencia) de ejecutar los planes y aportar de manera constante en el desarrollo de las propuestas', '2016-05-05 10:49:00');
INSERT INTO `brm2_3ncu3db`.`enc_pregunta_historial` (`id`, `titulo`, `fecha`) VALUES (22, 'Los procedimientos de facturación son claros y efectivos. Brindan la información completa', '2016-05-05 10:49:00');
INSERT INTO `brm2_3ncu3db`.`enc_pregunta_historial` (`id`, `titulo`, `fecha`) VALUES (23, 'Facilita procesos de compras y pagos a terceros involucrados en la operación de forma eficiente.', '2016-05-05 10:49:00');
INSERT INTO `brm2_3ncu3db`.`enc_pregunta_historial` (`id`, `titulo`, `fecha`) VALUES (24, 'Las piezas entregadas cumplen con las especificaciones del brief entregado y con la calidad esperada', '2016-05-05 10:49:00');
INSERT INTO `brm2_3ncu3db`.`enc_pregunta_historial` (`id`, `titulo`, `fecha`) VALUES (25, 'Produce y entrega a tiempo.', '2016-05-05 10:49:00');
INSERT INTO `brm2_3ncu3db`.`enc_pregunta_historial` (`id`, `titulo`, `fecha`) VALUES (26, 'El respaldo y conocimiento tecnológico responde a sus necesidades', '2016-05-05 10:49:00');
INSERT INTO `brm2_3ncu3db`.`enc_pregunta_historial` (`id`, `titulo`, `fecha`) VALUES (27, 'El soporte técnico es oportuno y de calidad', '2016-05-05 10:49:00');
INSERT INTO `brm2_3ncu3db`.`enc_pregunta_historial` (`id`, `titulo`, `fecha`) VALUES (28, 'Las propuestas están acompañadas de tecnología y plataformas que facilitan la gestión de proyectos y ejecuciones interactivas', '2016-05-05 10:49:00');

COMMIT;


-- -----------------------------------------------------
-- Data for table `brm2_3ncu3db`.`enc_admin`
-- -----------------------------------------------------
START TRANSACTION;
USE `brm2_3ncu3db`;
INSERT INTO `brm2_3ncu3db`.`enc_admin` (`id`, `nombre`, `apellido`, `correo`, `contrasena`, `fecha`) VALUES (1, 'Julian', 'Barrera', 'julian.barrera@brm.com.co', 'NFhsSW81TElQNFFjeUNubm1BYnlkQT09', NULL);

COMMIT;


-- -----------------------------------------------------
-- Data for table `brm2_3ncu3db`.`enc_pregunta`
-- -----------------------------------------------------
START TRANSACTION;
USE `brm2_3ncu3db`;
INSERT INTO `brm2_3ncu3db`.`enc_pregunta` (`id`, `titulo`, `fecha`, `idCategoria`, `idPreguntaHistorial`, `idAdmin`) VALUES (1, 'Se generan estudios de competencia que permiten tomar acciones correctivas en su estrategia, basadas en las acciones de sus adversarios comerciales', '2016-05-05 10:49:00', 1, 1, 1);
INSERT INTO `brm2_3ncu3db`.`enc_pregunta` (`id`, `titulo`, `fecha`, `idCategoria`, `idPreguntaHistorial`, `idAdmin`) VALUES (2, 'Los reportes presentados son oportunos en el tiempo, relevantes en sus hallazgos y fáciles de entender para ejecutar acciones a partir de ellos.', '2016-05-05 10:49:00', 1, 2, 1);
INSERT INTO `brm2_3ncu3db`.`enc_pregunta` (`id`, `titulo`, `fecha`, `idCategoria`, `idPreguntaHistorial`, `idAdmin`) VALUES (3, 'Las investigaciones presentadas están acompañadas por un plan de acción viable', '2016-05-05 10:49:00', 1, 3, 1);
INSERT INTO `brm2_3ncu3db`.`enc_pregunta` (`id`, `titulo`, `fecha`, `idCategoria`, `idPreguntaHistorial`, `idAdmin`) VALUES (4, 'Analiza e interpreta los datos para identificar las oportunidades de la marca, teniendo en cuenta el escenario digital vs las oportunidades de su negocio en el mundo físico.', '2016-05-05 10:49:00', 1, 4, 1);
INSERT INTO `brm2_3ncu3db`.`enc_pregunta` (`id`, `titulo`, `fecha`, `idCategoria`, `idPreguntaHistorial`, `idAdmin`) VALUES (5, 'Hay una comunicación clara y fluida de objetivos y alcance de cada proyecto.', '2016-05-05 10:49:00', 2, 5, 1);
INSERT INTO `brm2_3ncu3db`.`enc_pregunta` (`id`, `titulo`, `fecha`, `idCategoria`, `idPreguntaHistorial`, `idAdmin`) VALUES (6, 'La administración de la cuenta y las propuestas están alineadas con las reuniones y actas generadas en las mismas. ', '2016-05-05 10:49:00', 2, 6, 1);
INSERT INTO `brm2_3ncu3db`.`enc_pregunta` (`id`, `titulo`, `fecha`, `idCategoria`, `idPreguntaHistorial`, `idAdmin`) VALUES (7, 'Las acciones y propuestas son coherentes con las necesidades, propósitos y objetivos de la marca', '2016-05-05 10:49:00', 2, 7, 1);
INSERT INTO `brm2_3ncu3db`.`enc_pregunta` (`id`, `titulo`, `fecha`, `idCategoria`, `idPreguntaHistorial`, `idAdmin`) VALUES (8, 'La relación entre su  equipo de Mercadeo / Publicidad y la agencia es cercana, flexible y se ajusta de acuerdo con sus expectativas.', '2016-05-05 10:49:00', 2, 8, 1);
INSERT INTO `brm2_3ncu3db`.`enc_pregunta` (`id`, `titulo`, `fecha`, `idCategoria`, `idPreguntaHistorial`, `idAdmin`) VALUES (9, 'Las cifras presentadas son claras, coherentes y nunca aisladas de un análisis útil para la estrategia', '2016-05-05 10:49:00', 3, 9, 1);
INSERT INTO `brm2_3ncu3db`.`enc_pregunta` (`id`, `titulo`, `fecha`, `idCategoria`, `idPreguntaHistorial`, `idAdmin`) VALUES (10, 'Demuestra conocimiento de la marca a través de análisis enmarcados dentro del contexto económico, entendiendo los factores que influyen directos o indirectos en su negocio, proyectando  consecuencias en el tiempo', '2016-05-05 10:49:00', 3, 10, 1);
INSERT INTO `brm2_3ncu3db`.`enc_pregunta` (`id`, `titulo`, `fecha`, `idCategoria`, `idPreguntaHistorial`, `idAdmin`) VALUES (11, 'Los análisis arrojan conclusiones fácilmente aplicables en planes de acción en sincronía con la unidad de mercadeo', '2016-05-05 10:49:00', 3, 11, 1);
INSERT INTO `brm2_3ncu3db`.`enc_pregunta` (`id`, `titulo`, `fecha`, `idCategoria`, `idPreguntaHistorial`, `idAdmin`) VALUES (12, 'Evalúa continuamente las necesidades de información del cliente y los procedimientos de entrada de datos para garantizar la seguridad  de la Base de Datos.', '2016-05-05 10:49:00', 4, 12, 1);
INSERT INTO `brm2_3ncu3db`.`enc_pregunta` (`id`, `titulo`, `fecha`, `idCategoria`, `idPreguntaHistorial`, `idAdmin`) VALUES (13, 'El procesamiento de datos es de buena calidad: oportunidad en el tiempo, eficaz en el dato capturado y entregado a tiempo.', '2016-05-05 10:49:00', 4, 13, 1);
INSERT INTO `brm2_3ncu3db`.`enc_pregunta` (`id`, `titulo`, `fecha`, `idCategoria`, `idPreguntaHistorial`, `idAdmin`) VALUES (14, 'Utilizan herramientas, plataformas y procesos actualizados que permiten administrar fácilmente la información capturada', '2016-05-05 10:49:00', 4, 14, 1);
INSERT INTO `brm2_3ncu3db`.`enc_pregunta` (`id`, `titulo`, `fecha`, `idCategoria`, `idPreguntaHistorial`, `idAdmin`) VALUES (15, 'Los conceptos y planteamientos creativos  son claros, contundentes y sorprendentes. Añade valor a través del pensamiento \"outside the box”.', '2016-05-05 10:49:00', 5, 15, 1);
INSERT INTO `brm2_3ncu3db`.`enc_pregunta` (`id`, `titulo`, `fecha`, `idCategoria`, `idPreguntaHistorial`, `idAdmin`) VALUES (16, 'El equipo creativo es pro-positivo y alineado con  la cuenta ', '2016-05-05 10:49:00', 5, 16, 1);
INSERT INTO `brm2_3ncu3db`.`enc_pregunta` (`id`, `titulo`, `fecha`, `idCategoria`, `idPreguntaHistorial`, `idAdmin`) VALUES (17, 'Entendiendo el trabajo creativo como un item subjetivo, usted se siente satisfecho con las propuestas', '2016-05-05 10:49:00', 5, 17, 1);
INSERT INTO `brm2_3ncu3db`.`enc_pregunta` (`id`, `titulo`, `fecha`, `idCategoria`, `idPreguntaHistorial`, `idAdmin`) VALUES (18, 'El equipo presenta actitud de servicio y a través de su trabajo se ha logrado identificar con la marca, generando sentido de pertenencia y prácticas de responsabilidad compartida con la misma', '2016-05-05 10:49:00', 6, 18, 1);
INSERT INTO `brm2_3ncu3db`.`enc_pregunta` (`id`, `titulo`, `fecha`, `idCategoria`, `idPreguntaHistorial`, `idAdmin`) VALUES (19, 'Encuentra respuesta por parte de cualquier integrante del equipo en el momento que se requiera, de manera abierta y eficiente', '2016-05-05 10:49:00', 6, 19, 1);
INSERT INTO `brm2_3ncu3db`.`enc_pregunta` (`id`, `titulo`, `fecha`, `idCategoria`, `idPreguntaHistorial`, `idAdmin`) VALUES (20, 'El equipo opera de manera autónoma, con procesos claros de ejecución permitiendo ver un flujo de trabajo estructurado y coordinado con la cuenta', '2016-05-05 10:49:00', 6, 20, 1);
INSERT INTO `brm2_3ncu3db`.`enc_pregunta` (`id`, `titulo`, `fecha`, `idCategoria`, `idPreguntaHistorial`, `idAdmin`) VALUES (21, 'El equipo está en capacidad (entrenado, experiencia) de ejecutar los planes y aportar de manera constante en el desarrollo de las propuestas', '2016-05-05 10:49:00', 6, 21, 1);
INSERT INTO `brm2_3ncu3db`.`enc_pregunta` (`id`, `titulo`, `fecha`, `idCategoria`, `idPreguntaHistorial`, `idAdmin`) VALUES (22, 'Los procedimientos de facturación son claros y efectivos. Brindan la información completa', '2016-05-05 10:49:00', 7, 22, 1);
INSERT INTO `brm2_3ncu3db`.`enc_pregunta` (`id`, `titulo`, `fecha`, `idCategoria`, `idPreguntaHistorial`, `idAdmin`) VALUES (23, 'Facilita procesos de compras y pagos a terceros involucrados en la operación de forma eficiente.', '2016-05-05 10:49:00', 7, 23, 1);
INSERT INTO `brm2_3ncu3db`.`enc_pregunta` (`id`, `titulo`, `fecha`, `idCategoria`, `idPreguntaHistorial`, `idAdmin`) VALUES (24, 'Las piezas entregadas cumplen con las especificaciones del brief entregado y con la calidad esperada', '2016-05-05 10:49:00', 8, 24, 1);
INSERT INTO `brm2_3ncu3db`.`enc_pregunta` (`id`, `titulo`, `fecha`, `idCategoria`, `idPreguntaHistorial`, `idAdmin`) VALUES (25, 'Produce y entrega a tiempo.', '2016-05-05 10:49:00', 8, 25, 1);
INSERT INTO `brm2_3ncu3db`.`enc_pregunta` (`id`, `titulo`, `fecha`, `idCategoria`, `idPreguntaHistorial`, `idAdmin`) VALUES (26, 'El respaldo y conocimiento tecnológico responde a sus necesidades', '2016-05-05 10:49:00', 9, 26, 1);
INSERT INTO `brm2_3ncu3db`.`enc_pregunta` (`id`, `titulo`, `fecha`, `idCategoria`, `idPreguntaHistorial`, `idAdmin`) VALUES (27, 'El soporte técnico es oportuno y de calidad', '2016-05-05 10:49:00', 9, 27, 1);
INSERT INTO `brm2_3ncu3db`.`enc_pregunta` (`id`, `titulo`, `fecha`, `idCategoria`, `idPreguntaHistorial`, `idAdmin`) VALUES (28, 'Las propuestas están acompañadas de tecnología y plataformas que facilitan la gestión de proyectos y ejecuciones interactivas', '2016-05-05 10:49:00', 9, 28, 1);

COMMIT;


-- -----------------------------------------------------
-- Data for table `brm2_3ncu3db`.`enc_cuenta`
-- -----------------------------------------------------
START TRANSACTION;
USE `brm2_3ncu3db`;
INSERT INTO `brm2_3ncu3db`.`enc_cuenta` (`id`, `nombre`, `imagen`, `color`, `fecha`, `idAdmin`) VALUES (1, 'Acdecc', 'logos/avianca.png', 'e8252b', '2016-07-05 10:49:00', 1);
INSERT INTO `brm2_3ncu3db`.`enc_cuenta` (`id`, `nombre`, `imagen`, `color`, `fecha`, `idAdmin`) VALUES (2, 'Citi', 'logos/avianca.png', 'e8252b', '2016-07-05 10:49:00', 1);

COMMIT;


-- -----------------------------------------------------
-- Data for table `brm2_3ncu3db`.`enc_usuario`
-- -----------------------------------------------------
START TRANSACTION;
USE `brm2_3ncu3db`;
INSERT INTO `brm2_3ncu3db`.`enc_usuario` (`id`, `nombre`, `apellido`, `correo`, `usuario`, `contrasena`, `fecha`, `idCuenta`, `idAdmin`) VALUES (1, 'Julian', 'Barrera', 'julian.barrera@brm.com.co', 'julian.barrera', '123456', '2016-05-05 10:49:00', 1, 1);
INSERT INTO `brm2_3ncu3db`.`enc_usuario` (`id`, `nombre`, `apellido`, `correo`, `usuario`, `contrasena`, `fecha`, `idCuenta`, `idAdmin`) VALUES (2, 'Pepito', 'Perez', 'pepito.perez@gmail.com', 'pepito.perez', '123456789', '2016-05-05 10:49:00', 1, 1);
INSERT INTO `brm2_3ncu3db`.`enc_usuario` (`id`, `nombre`, `apellido`, `correo`, `usuario`, `contrasena`, `fecha`, `idCuenta`, `idAdmin`) VALUES (3, 'Maria', 'Perez', 'maria.perez@gmail.com', 'maria.perez', '123456', '2016-05-05 10:49:00', 2, 1);

COMMIT;


-- -----------------------------------------------------
-- Data for table `brm2_3ncu3db`.`enc_encuesta`
-- -----------------------------------------------------
START TRANSACTION;
USE `brm2_3ncu3db`;
INSERT INTO `brm2_3ncu3db`.`enc_encuesta` (`id`, `fecha`, `idUsuario`) VALUES (1, '2017-08-05 10:49:00', 1);
INSERT INTO `brm2_3ncu3db`.`enc_encuesta` (`id`, `fecha`, `idUsuario`) VALUES (2, '2017-08-05 10:49:00', 2);
INSERT INTO `brm2_3ncu3db`.`enc_encuesta` (`id`, `fecha`, `idUsuario`) VALUES (3, '2017-08-05 10:49:00', 3);

COMMIT;


-- -----------------------------------------------------
-- Data for table `brm2_3ncu3db`.`enc_cuenta_x_categoria`
-- -----------------------------------------------------
START TRANSACTION;
USE `brm2_3ncu3db`;
INSERT INTO `brm2_3ncu3db`.`enc_cuenta_x_categoria` (`id`, `fecha`, `idCategoria`, `idCuenta`) VALUES (1, '2016-05-05 10:49:00', 1, 1);
INSERT INTO `brm2_3ncu3db`.`enc_cuenta_x_categoria` (`id`, `fecha`, `idCategoria`, `idCuenta`) VALUES (2, '2016-05-05 10:49:00', 2, 1);
INSERT INTO `brm2_3ncu3db`.`enc_cuenta_x_categoria` (`id`, `fecha`, `idCategoria`, `idCuenta`) VALUES (3, '2016-05-05 10:49:00', 3, 1);
INSERT INTO `brm2_3ncu3db`.`enc_cuenta_x_categoria` (`id`, `fecha`, `idCategoria`, `idCuenta`) VALUES (4, '2016-05-05 10:49:00', 4, 1);
INSERT INTO `brm2_3ncu3db`.`enc_cuenta_x_categoria` (`id`, `fecha`, `idCategoria`, `idCuenta`) VALUES (5, '2016-05-05 10:49:00', 5, 1);
INSERT INTO `brm2_3ncu3db`.`enc_cuenta_x_categoria` (`id`, `fecha`, `idCategoria`, `idCuenta`) VALUES (6, '2016-05-05 10:49:00', 6, 1);
INSERT INTO `brm2_3ncu3db`.`enc_cuenta_x_categoria` (`id`, `fecha`, `idCategoria`, `idCuenta`) VALUES (7, '2016-05-05 10:49:00', 7, 1);
INSERT INTO `brm2_3ncu3db`.`enc_cuenta_x_categoria` (`id`, `fecha`, `idCategoria`, `idCuenta`) VALUES (8, '2016-05-05 10:49:00', 8, 1);
INSERT INTO `brm2_3ncu3db`.`enc_cuenta_x_categoria` (`id`, `fecha`, `idCategoria`, `idCuenta`) VALUES (9, '2016-05-05 10:49:00', 9, 1);

COMMIT;

